OBJECTID,Sample_Date,Latitude,Longitude,Total_Pieces_L,Normalized
1,2013-07-01,59.3786833,-153.5208667,1,0.003095975
2,2013-07-01,59.3681333,-153.5523333,1,0.003095975
3,2013-07-01,59.3414667,-153.5497667,14,0.043343653
4,2013-07-01,59.6387167,-153.3956667,17,0.052631579
5,2013-07-01,59.3736,-153.4480667,71,0.219814241
6,2013-07-01,59.3929667,-153.50715,2,0.00619195
7,2013-09-23,43.6612,-70.2389,17,0.052631579
8,2013-10-16,41.24665,-72.51363,8,0.024767802
9,2013-10-28,39.3513,-76.144783,2,0.00619195
10,2013-11-02,39.284783,-76.609267,12,0.037151703
11,2013-11-13,38.3314,-76.4596,3,0.009287926
12,2013-11-16,37.8014,-76.2905,10,0.030959752
13,2013-11-16,37.3026,-76.2937,7,0.021671827
14,2013-11-17,18.3047,-65.2968,12,0.037151703
15,2013-11-17,-51.3082,-60.5467,8,0.024767802
16,2013-11-18,36.8463,-76.3002,4,0.012383901
17,2013-11-18,-51.6918,-57.8586,12,0.037151703
18,2013-11-21,-54.8869,-67.9369,6,0.018575851
19,2013-11-21,-54.1567,-36.7097,9,0.027863777
20,2013-11-21,31.3438,-71.3528,61,0.188854489
21,2013-11-22,-54.132,-36.826,12,0.037151703
22,2013-11-23,-54.7383,-69.6171,12,0.037151703
23,2013-11-23,-54.9431,-69.4812,1,0.003095975
24,2013-11-23,30.5659,-70.6258,22,0.068111455
25,2013-11-23,-54.434,-36.187,13,0.040247678
26,2013-11-24,29.3275,-69.3097,175,0.541795666
27,2013-11-26,25.8486,-67.5656,29,0.089783282
28,2013-11-27,21.221189,-86.732542,10,0.030959752
29,2013-11-27,24.2909,-67.3977,32,0.099071207
30,2013-11-28,21.031301,-86.791189,6,0.018575851
31,2013-11-28,-54.941,-69.1525,1,0.003095975
32,2013-11-28,-54.941,-69.157,10,0.030959752
33,2013-11-28,23.0016,-67.2478,28,0.086687307
34,2013-11-29,24.417222,-110.31222,17,0.052631579
35,2013-11-29,20.647611,-87.050925,1,0.003095975
36,2013-11-29,-54.9338,-67.6162,1,0.003095975
37,2013-11-29,-64.8439,-62.5312,31,0.095975232
38,2013-12-03,24.163333,-110.317222,7,0.021671827
39,2013-12-03,17.2776,-87.80551,15,0.046439628
40,2013-12-04,17.32112,-87.78921,10,0.030959752
41,2013-12-05,17.40976,-87.92763,15,0.046439628
42,2013-12-05,17.31051,-87.80113,9,0.027863777
43,2013-12-05,17.2826,-87.81142,239,0.73993808
44,2013-12-08,-62.4113,-59.7428,2,0.00619195
45,2013-12-08,-62.0955,-59.9032,17,0.052631579
46,2013-12-11,18.4599,-66.093,173,0.535603715
47,2013-12-15,-64.5771,-62.2257,12,0.037151703
48,2013-12-17,-65.1775,-64.1291,116,0.359133127
49,2013-12-28,9.556027,-79.654444,13,0.040247678
50,2013-12-31,9.287916,-82.391222,23,0.07120743
51,2014-01-01,9.3385,-82.239888,27,0.083591331
52,2014-01-02,11.47168,-86.13136,6,0.018575851
53,2014-01-03,20.396161,-87.313191,4,0.012383901
54,2014-01-07,20.210337,-87.430163,2,0.00619195
55,2014-01-08,18.335767,-64.92775,2,0.00619195
56,2014-01-13,18.3464,-64.791,19,0.058823529
57,2014-01-18,18.4547,-64.442133,1,0.003095975
58,2014-01-19,18.37405,-64.531216,0,0
59,2014-01-25,18.334183,-64.926333,8,0.024767802
60,2014-01-27,20.29884,-87.00539,3,0.009287926
61,2014-02-01,20.44935,-86.9901,2,0.00619195
62,2014-02-02,17.749514,-87.025033,0,0
63,2014-02-02,20.5448,-86.88051,2,0.00619195
64,2014-02-04,17.749514,-87.025033,4,0.012383901
65,2014-02-04,17.749514,-87.025033,0,0
66,2014-02-04,20.38284,-86.87464,0,0
67,2014-02-07,17.6365,-63.257333,0,0
68,2014-02-09,17.480733,-62.990067,12,0.037151703
69,2014-02-11,17.29105,-62.729383,13,0.040247678
70,2014-02-13,16.801617,-62.208483,26,0.080495356
71,2014-02-17,15.980333,-61.717516,0,0
72,2014-02-19,15.86735,-61.589483,1,0.003095975
73,2014-02-21,15.579333,-61.463216,5,0.015479876
74,2014-02-23,38.15334,-122.88948,0,0
75,2014-03-03,66.1741,-23.2302,6,0.018575851
76,2014-03-04,14.5984,-61.0695,4,0.012383901
77,2014-03-06,17.3028,-87.8344,6,0.018575851
78,2014-03-09,9.94286,-85.67066,30,0.092879257
79,2014-03-10,14.0726,-60.9595,0,0
80,2014-03-11,12.4856,-61.4597,2,0.00619195
81,2014-03-15,17.4983,-87.8358,0,0
82,2014-03-16,11.9958,-61.7631,1,0.003095975
83,2014-03-16,9.99624,-85.70344,12,0.037151703
84,2014-03-17,-46.475,169.7,8,0.024767802
85,2014-03-17,32.7565765,-117.247553,3,0.009287926
86,2014-03-17,32.76428,-117.170077,41,0.126934985
87,2014-03-20,12.593,-61.4123,1,0.003095975
88,2014-03-22,17.0084,-61.764,2,0.00619195
89,2014-03-22,12.6352,-61.3617,5,0.015479876
90,2014-03-23,12.7077,-61.3287,12,0.037151703
91,2014-03-23,17.0765,-61.8998,2,0.00619195
92,2014-03-28,-34.6,21.2,10,0.030959752
93,2014-03-29,13.01,-61.2434,3,0.009287926
94,2014-03-31,56.00861,-3.39361,9,0.027863777
95,2014-04-02,30.1869702,-85.7308062,19,0.058823529
96,2014-04-02,30.1863257,-85.7392307,8,0.024767802
97,2014-04-06,32.576721,-117.133016,2,0.00619195
98,2014-04-13,16.3062,-61.7993,3,0.009287926
99,2014-04-17,64.1817,-51.5262,14,0.043343653
100,2014-04-21,17.0123,-61.7707,2,0.00619195
101,2014-04-24,28.57,-77.2783,15,0.046439628
102,2014-04-25,32.925395,-117.249481,4,0.012383901
103,2014-04-26,33.175,-77.24,122,0.377708978
104,2014-04-27,17.8972,-62.8575,0,0
105,2014-04-30,-27.1,9.8,58,0.179566563
106,2014-05-04,25.563633,-136.390417,103,0.318885449
107,2014-05-04,27.560867,-135.580983,132,0.408668731
108,2014-05-05,-18.7,0.6,1,0.003095975
109,2014-05-05,59.609,-151.349,0,0
110,2014-05-05,39.095,-73.73,40,0.123839009
111,2014-05-05,59.579,-151.423,5,0.015479876
112,2014-05-06,40.1117,-72.4767,64,0.198142415
113,2014-05-07,22.015317,-138.761417,55,0.170278638
114,2014-05-07,-16.7,-4.3,2,0.00619195
115,2014-05-11,17.756867,-146.223,50,0.154798762
116,2014-05-13,17.643,-151.337483,29,0.089783282
117,2014-05-13,8.49194,-13.29194,1,0.003095975
118,2014-05-14,-35.213333,174.135,2,0.00619195
119,2014-05-17,-7.8,-14.5,0,0
120,2014-05-19,18.438217,-161.516233,101,0.312693498
121,2014-05-21,18.0327,-63.0973,2,0.00619195
122,2014-05-22,20.3746,-63.3564,61,0.188854489
123,2014-05-22,-5.3,-25.7,5,0.015479876
124,2014-05-23,22.3494,-63.5046,13,0.040247678
125,2014-05-24,24.1854,-63.6332,12,0.037151703
126,2014-05-25,25.212,-63.6839,10,0.030959752
127,2014-05-26,26.1552,-63.7472,6,0.018575851
128,2014-05-27,27.1606,-63.9837,15,0.046439628
129,2014-05-28,27.961,-64.1088,5,0.015479876
130,2014-05-31,0,-42,4,0.012383901
131,2014-06-03,17.844283,173.1261,130,0.40247678
132,2014-06-03,5.6,-48.6,0,0
133,2014-06-05,9.1,-55.8,4,0.012383901
134,2014-06-05,32.375,-64.6744,5,0.015479876
135,2014-06-07,34.8478,-67.985,11,0.034055728
136,2014-06-08,35.6686,-69.1216,8,0.024767802
137,2014-06-09,36.4294,-70.2493,9,0.027863777
138,2014-06-10,32.248926,-64.833316,5,0.015479876
139,2014-06-10,22.033683,161.8278,37,0.114551084
140,2014-06-10,37.838,-70.825,6,0.018575851
141,2014-06-10,34.48333,-69.25667,6,0.018575851
142,2014-06-11,12,-61.7,2,0.00619195
143,2014-06-11,35.68833,-71.47667,6,0.018575851
144,2014-06-12,32.30297,-64.739703,7,0.021671827
145,2014-06-12,35.84167,-72.61,8,0.024767802
146,2014-06-12,36.27333,-73.10333,10,0.030959752
147,2014-06-14,41.4793,-71.3283,9,0.027863777
148,2014-06-15,23.908617,154.265083,68,0.210526316
149,2014-06-17,32.364797,-64.712603,6,0.018575851
150,2014-06-26,31.80725,140.951167,111,0.343653251
151,2014-07-01,59.4376,-150.586,2,0.00619195
152,2014-07-04,27.0786333,-131.5791,13,0.040247678
153,2014-07-04,59.611,-149.6231,1,0.003095975
154,2014-07-06,30.42867,-81.3915,0,0
155,2014-07-09,22,-149.9,36,0.111455108
156,2014-07-16,29.353,-120.2311,3,0.009287926
157,2014-07-19,24.831583,-144.2614167,4,0.012383901
158,2014-07-22,32.8710833,-143.43865,16,0.049535604
159,2014-07-23,59.0875,-152.3912,66,0.204334365
160,2014-07-23,58.8857,-152.1576,4,0.012383901
161,2014-07-23,59.1755,-152.0623,25,0.077399381
162,2014-07-23,58.8857,-152.1576,3,0.009287926
163,2014-07-26,28.3849,-118.7021,4,0.012383901
164,2014-07-26,23.27306666,-150.0637333,24,0.074303406
165,2014-08-05,22.996316,-146.977833,13,0.040247678
166,2014-08-11,55.19839,-131.15373,7,0.021671827
167,2014-08-23,38.720171,-75.089518,4,0.012383901
168,2014-08-30,58.12964,-136.43672,3,0.009287926
169,2014-08-30,32.2614,-116.9911,4,0.012383901
170,2014-09-03,7.28142,134.4707,6,0.018575851
171,2014-09-03,44.68741,-1.23216,2,0.00619195
172,2014-09-04,7.32998,134.46573,21,0.06501548
173,2014-09-04,44.69592,-1.26258,2,0.00619195
174,2014-09-06,7.10333,134.23854,9,0.027863777
175,2014-09-06,7.13265,134.29204,40,0.123839009
176,2014-09-07,6.99325,134.31082,5,0.015479876
177,2014-09-11,7.25368,134.24516,12,0.037151703
178,2014-09-11,7.28116,134.28864,5,0.015479876
179,2014-09-11,-42.24,-64.05,1,0.003095975
180,2014-09-12,22.8167,-156.985,16,0.049535604
181,2014-09-13,23.6348,-154.91,16,0.049535604
182,2014-09-13,23.6348,-154.91,12,0.037151703
183,2014-09-13,23.6348,-154.91,9,0.027863777
184,2014-09-13,7.63095,134.54713,8,0.024767802
185,2014-09-13,7.77659,134.56976,8,0.024767802
186,2014-09-14,24.8516,-152.3562,8,0.024767802
187,2014-09-14,24.8516,-152.3562,5,0.015479876
188,2014-09-14,24.8516,-152.3562,9,0.027863777
189,2014-09-14,43.1094,3.11435,2,0.00619195
190,2014-09-14,43.13627,3.01015,0,0
191,2014-09-14,33.4228,-117.6241,2,0.00619195
192,2014-09-15,25.7248,-149.7316,11,0.034055728
193,2014-09-15,25.7248,-149.7316,8,0.024767802
194,2014-09-15,25.7248,-149.7316,15,0.046439628
195,2014-09-17,27.0671,-144.2697,17,0.052631579
196,2014-09-17,27.0671,-144.2697,15,0.046439628
197,2014-09-17,27.0671,-144.2697,13,0.040247678
198,2014-09-18,28.4649,-141.808,11,0.034055728
199,2014-09-18,28.4649,-141.808,10,0.030959752
200,2014-09-19,29.467,-138.8152,8,0.024767802
201,2014-09-19,29.467,-138.8152,5,0.015479876
202,2014-09-20,30.1093,-136.2664,8,0.024767802
203,2014-09-21,30.7981,-133.0207,8,0.024767802
204,2014-09-21,31.697,-129.0366,20,0.061919505
205,2014-09-21,7.07776,134.30825,15,0.046439628
206,2014-09-21,7.31303,134.2236,1,0.003095975
207,2014-09-22,31.697,-129.0366,13,0.040247678
208,2014-09-23,32.3905,-125.8473,16,0.049535604
209,2014-09-23,32.3905,-125.8473,19,0.058823529
210,2014-09-24,33.1155,-122.512,29,0.089783282
211,2014-09-24,33.1155,-122.512,27,0.083591331
212,2014-09-28,40.478162,-74.016266,2,0.00619195
213,2014-10-01,44.53387,-67.8735,9,0.027863777
214,2014-10-04,37.7,-122.1911,2,0.00619195
215,2014-10-06,44.32022,-68.3129,1,0.003095975
216,2014-10-06,44.2767,-68.3082,7,0.021671827
217,2014-10-07,44.21675,-68.566861,8,0.024767802
218,2014-10-11,33.76,-118.1551,5,0.015479876
219,2014-10-14,58.00415,-153.268494,14,0.043343653
220,2014-10-25,33.86361,10.97444,4,0.012383901
221,2014-10-25,41.115233,-73.330736,0,0
222,2014-10-25,32.1204,-116.8859,6,0.018575851
223,2014-10-27,34.2083,-77.7985,12,0.037151703
224,2014-10-28,20.763,-105.521,4,0.012383901
225,2014-10-31,32.429,-80.682,0,0
226,2014-11-04,17.883,-102.426,7,0.021671827
227,2014-11-04,9.419722,-79.9675,1,0.003095975
228,2014-11-07,-10.2995,166.2958,1,0.003095975
229,2014-11-08,-33.845626,151.281178,2,0.00619195
230,2014-11-08,-33.893004,151.282359,1,0.003095975
231,2014-11-08,-33.987899,151.229558,2,0.00619195
232,2014-11-08,-33.945854,151.2608,0,0
233,2014-11-08,-33.919823,151.26097,4,0.012383901
234,2014-11-09,-33.853602,151.208683,2,0.00619195
235,2014-11-09,-33.800397,151.285572,2,0.00619195
236,2014-11-09,-33.799049,151.291585,4,0.012383901
237,2014-11-10,18.52985,-24.85955,20,0.061919505
238,2014-11-10,25.69581667,-16.82878333,46,0.142414861
239,2014-11-10,9.310556,-79.919722,54,0.167182663
240,2014-11-10,24.66666667,-17.7,37,0.114551084
241,2014-11-10,26.39,-16.05944444,7,0.021671827
242,2014-11-11,24.73466667,-17.49166667,1,0.003095975
243,2014-11-11,24.89666667,-17.76166667,15,0.046439628
244,2014-11-11,24.94333333,-18.17166667,15,0.046439628
245,2014-11-11,24.52756667,-17.95046667,44,0.13622291
246,2014-11-11,24.3061,-18.14383333,3,0.009287926
247,2014-11-11,24.3935,-18.28266667,65,0.20123839
248,2014-11-11,25.00633333,-17.51666667,10,0.030959752
249,2014-11-11,24.62083333,-17.56061667,12,0.037151703
250,2014-11-11,24.88566667,-18.8101,4,0.012383901
251,2014-11-12,22.9035,-19.11716667,8,0.024767802
252,2014-11-12,22.8395,-19.3,0,0
253,2014-11-12,22.83416667,-18.9109,15,0.046439628
254,2014-11-12,22.781,-19.501,4,0.012383901
255,2014-11-12,22.3,-20.07,3,0.009287926
256,2014-11-12,22.34133333,-19.9525,4,0.012383901
257,2014-11-12,23.88705,-18.58373333,8,0.024767802
258,2014-11-12,21.36518333,-19.47301667,12,0.037151703
259,2014-11-13,20.34108333,-21.78325,8,0.024767802
260,2014-11-13,21.1235,-21.27366667,53,0.164086687
261,2014-11-13,19.03863333,-22.72206667,29,0.089783282
262,2014-11-13,19.64066667,-21.26666667,8,0.024767802
263,2014-11-13,26.7097,-80.0475,0,0
264,2014-11-13,20.12833333,-22.12833333,7,0.021671827
265,2014-11-14,18.67486667,-23.35728333,2,0.00619195
266,2014-11-14,19.005,-23.21166667,0,0
267,2014-11-14,19.93901667,-22.13566667,22,0.068111455
268,2014-11-14,19.0945,-23.16116667,10,0.030959752
269,2014-11-14,18.69583333,-23.50483333,81,0.250773994
270,2014-11-14,19.5065,-22.65305,0,0
271,2014-11-14,19.38455,-21.2648,14,0.043343653
272,2014-11-14,18.79,-22.89833333,8,0.024767802
273,2014-11-14,18.38708333,-24.07995,3,0.009287926
274,2014-11-14,47.3321,-122.5804,0,0
275,2014-11-14,19.61972222,-21.37277778,10,0.030959752
276,2014-11-15,17.2434,-24.76586667,8,0.024767802
277,2014-11-15,17.82483333,-24.31583333,114,0.352941176
278,2014-11-15,17.27083333,-24.51181667,10,0.030959752
279,2014-11-15,15.757,-96.117,1,0.003095975
280,2014-11-15,47.38,-122.6407,1,0.003095975
281,2014-11-15,26.3461,-80.0731,3,0.009287926
282,2014-11-15,47.3421,-122.776,2,0.00619195
283,2014-11-15,17.45908333,-23.95976667,22,0.068111455
284,2014-11-17,16.88578333,-24.99123333,0,0
285,2014-11-17,-51.315,-60.2483,1,0.003095975
286,2014-11-19,16.89416667,-25.04266667,7,0.021671827
287,2014-11-20,16.81666667,-27.82,15,0.046439628
288,2014-11-20,16.3997,-28.74345,33,0.102167183
289,2014-11-20,16.68993333,-28.03765,4,0.012383901
290,2014-11-20,16.84816667,-28.2345,41,0.126934985
291,2014-11-20,16.69333333,-28.22833333,20,0.061919505
292,2014-11-21,17.09855,-29.98701667,4,0.012383901
293,2014-11-21,16.8749,-32.3976,1,0.003095975
294,2014-11-21,16.6525,-31.20533333,2,0.00619195
295,2014-11-21,17.115,-31.35733333,45,0.139318885
296,2014-11-21,16.35,-31.3,4,0.012383901
297,2014-11-21,16.88333333,-29.51666667,8,0.024767802
298,2014-11-21,16.6144,-29.0109,12,0.037151703
299,2014-11-21,16.75833333,-30.12333333,10,0.030959752
300,2014-11-21,25.3,-18.93333333,13,0.040247678
301,2014-11-21,16,-32,4,0.012383901
302,2014-11-21,27.3182,-16.0608,21,0.06501548
303,2014-11-21,-54.2844,-36.5065,1,0.003095975
304,2014-11-21,17.1,-29.97555556,2,0.00619195
305,2014-11-22,16.48548333,-31.88436667,1,0.003095975
306,2014-11-22,16.9637,-32.65483333,20,0.061919505
307,2014-11-22,16.107,-32.279,9,0.027863777
308,2014-11-22,16.73098333,-34.88593333,20,0.061919505
309,2014-11-22,17.39283333,-32.97816667,3,0.009287926
310,2014-11-22,16.76166667,-33.645,5,0.015479876
311,2014-11-22,38.5046,16.8681,7,0.021671827
312,2014-11-22,-54.057,-37.3321,6,0.018575851
313,2014-11-22,16.81666667,-33.56666667,1,0.003095975
314,2014-11-22,17.04296667,-32.85393333,4,0.012383901
315,2014-11-23,16.61071667,-33.55808333,2,0.00619195
316,2014-11-23,16,-38,5,0.015479876
317,2014-11-23,22.87673,-109.89605,3,0.009287926
318,2014-11-23,-15.4537,166.6706,13,0.040247678
319,2014-11-23,17.665,-35.24833333,12,0.037151703
320,2014-11-24,16.675,-37.515,7,0.021671827
321,2014-11-24,17.18866667,-39.315,0,0
322,2014-11-24,17.05566667,-39.71016667,28,0.086687307
323,2014-11-24,16.66666667,-40.45,2,0.00619195
324,2014-11-24,16.43333333,-37.83333333,5,0.015479876
325,2014-11-24,17.11355,-40.52743333,1,0.003095975
326,2014-11-24,16.29961667,-37.16975,5,0.015479876
327,2014-11-24,15.58021667,-35.61666667,5,0.015479876
328,2014-11-24,28.12443333,-15.41548333,3,0.009287926
329,2014-11-24,13.254,-88.909,7,0.021671827
330,2014-11-24,-0.7485,-90.313116,1,0.003095975
331,2014-11-24,17.12183333,-37.43333333,75,0.232198142
332,2014-11-24,18.77166667,-39.06333333,6,0.018575851
333,2014-11-24,25.61118333,-18.86296667,19,0.058823529
334,2014-11-25,16.4215,-42.66446667,38,0.117647059
335,2014-11-25,16.16283333,-41.06683333,0,0
336,2014-11-25,16.97,-41.27,8,0.024767802
337,2014-11-25,15.93666667,-40.09333333,3,0.009287926
338,2014-11-25,26.75183333,-18.34233333,3,0.009287926
339,2014-11-25,27.09513333,-18.21898333,15,0.046439628
340,2014-11-25,27.1,-22.46,5,0.015479876
341,2014-11-25,25.44416667,-16.43998333,12,0.037151703
342,2014-11-25,26.43095,-17.0075,3,0.009287926
343,2014-11-25,16,-44,3,0.009287926
344,2014-11-25,21.6291,-23.7028,14,0.043343653
345,2014-11-25,16.38333333,-41.86666667,6,0.018575851
346,2014-11-25,26.36666667,-16.81666667,38,0.117647059
347,2014-11-25,16.85586667,-40.45415,3,0.009287926
348,2014-11-25,17.44055556,-38.88944444,10,0.030959752
349,2014-11-26,15.87561667,-42.97908333,5,0.015479876
350,2014-11-26,26.34333333,-20.96333333,19,0.058823529
351,2014-11-26,15.59491667,-42.74123333,21,0.06501548
352,2014-11-26,16.49968333,-41.97786667,0,0
353,2014-11-26,26.11883333,-19.35183333,5,0.015479876
354,2014-11-26,26.63833333,-21.39166667,34,0.105263158
355,2014-11-26,26.27,-21.49,1,0.003095975
356,2014-11-26,25.01333333,-20.67301667,12,0.037151703
357,2014-11-26,26.34421667,-20.01081667,34,0.105263158
358,2014-11-26,26.02833333,-20.27333333,6,0.018575851
359,2014-11-26,25.24573333,-21.11998333,6,0.018575851
360,2014-11-26,25.75266667,-19.2615,6,0.018575851
361,2014-11-26,25.96663333,-19.90691667,9,0.027863777
362,2014-11-26,23.51533333,-18.70628333,8,0.024767802
363,2014-11-26,25.65666667,-18.448,207,0.640866873
364,2014-11-26,25.76488333,-20.52791667,16,0.049535604
365,2014-11-26,25.19,-18.60833333,8,0.024767802
366,2014-11-26,24.591,-17.84916667,4,0.012383901
367,2014-11-26,25.38,-18.59,0,0
368,2014-11-26,26.47348333,-18.52875,0,0
369,2014-11-26,27.21666667,-32.11666667,8,0.024767802
370,2014-11-26,25.10598333,-19.5708,22,0.068111455
371,2014-11-26,26.35166667,-18.7,18,0.055727554
372,2014-11-26,25.43483333,-19.10833333,24,0.074303406
373,2014-11-26,47.803319,-122.676269,0,0
374,2014-11-26,25.63833333,-19.64,3,0.009287926
375,2014-11-26,25.52366667,-20.86265,5,0.015479876
376,2014-11-26,25.08641667,-18.41376667,10,0.030959752
377,2014-11-26,25.16646667,-17.83526667,10,0.030959752
378,2014-11-26,24.72916667,-19.29683333,26,0.080495356
379,2014-11-26,17.01166667,-42.68833333,22,0.068111455
380,2014-11-27,16.154,-47.87966667,60,0.185758514
381,2014-11-27,15.89071667,-43.10345,4,0.012383901
382,2014-11-27,15.88265,-44.42756667,3,0.009287926
383,2014-11-27,15.98,-45.2,5,0.015479876
384,2014-11-27,15.44721667,-44.96908333,10,0.030959752
385,2014-11-27,16.4895,-47.21433333,2,0.00619195
386,2014-11-27,15.26666667,-50.6,3,0.009287926
387,2014-11-27,24.25666667,-20.63,6,0.018575851
388,2014-11-27,24.28333333,-22.1,15,0.046439628
389,2014-11-27,26.41483333,-25.07,6,0.018575851
390,2014-11-27,24.51166667,-25.93833333,12,0.037151703
391,2014-11-27,24.53375,-24.49555,10,0.030959752
392,2014-11-27,25.60635,-23.66961667,4,0.012383901
393,2014-11-27,25.4415,-23.65051667,5,0.015479876
394,2014-11-27,23.8825,-21.5175,13,0.040247678
395,2014-11-27,25.27583333,-23,14,0.043343653
396,2014-11-27,24.23166667,-21.22166667,33,0.102167183
397,2014-11-27,23.35,-21.67166667,1,0.003095975
398,2014-11-27,23.72383333,-21.22766667,2,0.00619195
399,2014-11-27,17.02881667,-46.42858333,23,0.07120743
400,2014-11-27,15.75,-48.27,3,0.009287926
401,2014-11-27,24.44478,-110.38126,2,0.00619195
402,2014-11-27,24.44633,-110.37154,3,0.009287926
403,2014-11-27,24.58333333,-21.65,21,0.06501548
404,2014-11-27,23.783563,-22.70022,60,0.185758514
405,2014-11-28,15.52,-48.025,4,0.012383901
406,2014-11-28,15.63326667,-51.03251667,68,0.210526316
407,2014-11-28,14.89611667,-50.92618333,2,0.00619195
408,2014-11-28,15.93333333,-45.66666667,3,0.009287926
409,2014-11-28,15.50336667,-52.455,2,0.00619195
410,2014-11-28,22.49483333,-29.73416667,25,0.077399381
411,2014-11-28,23.29866667,-27.369,24,0.074303406
412,2014-11-28,23.36666667,-28.18333333,4,0.012383901
413,2014-11-28,14.31541667,-59.53811667,35,0.108359133
414,2014-11-28,21.22466667,-22.70683333,8,0.024767802
415,2014-11-28,20.73105,-23.63223333,11,0.034055728
416,2014-11-28,16.23198333,-49.0303,6,0.018575851
417,2014-11-28,-17.75,168.3,0,0
418,2014-11-28,37.533,5.7742,10,0.030959752
419,2014-11-28,24.99333,-26.21167,24,0.074303406
420,2014-11-28,15.58333333,-49.28333333,3,0.009287926
421,2014-11-28,17.23833333,-48.91,4,0.012383901
422,2014-11-29,14.46568333,-50.56018333,143,0.442724458
423,2014-11-29,15.31983333,-50.41816667,2,0.00619195
424,2014-11-29,15.18671667,-54.71373333,4,0.012383901
425,2014-11-29,21.945,-26.34833333,5,0.015479876
426,2014-11-29,22.2,-26.18,3,0.009287926
427,2014-11-29,21.99245,-28.50413333,13,0.040247678
428,2014-11-29,22.57166667,-25.13333333,119,0.368421053
429,2014-11-29,20.673,-25.32733333,6,0.018575851
430,2014-11-29,21.318,-28.0175,15,0.046439628
431,2014-11-29,21.48168333,-32.70376667,6,0.018575851
432,2014-11-29,15.1565,-51.1475,0,0
433,2014-11-29,23.07576667,-30.05313333,8,0.024767802
434,2014-11-29,24.37,-31.78166667,11,0.034055728
435,2014-11-29,23.08,-31,3,0.009287926
436,2014-11-29,29.53,-29.2,7,0.021671827
437,2014-11-29,20.12353333,-27.66526667,13,0.040247678
438,2014-11-29,21.72466667,-27.03566667,16,0.049535604
439,2014-11-29,22.59148333,-31.70966667,8,0.024767802
440,2014-11-29,22.38333333,-29.5,50,0.154798762
441,2014-11-29,22.375,-28.42333333,0,0
442,2014-11-29,21.17388333,-26.61033333,3,0.009287926
443,2014-11-29,22.78333333,-32.48666667,36,0.111455108
444,2014-11-29,21.27033333,-27.4669,0,0
445,2014-11-29,21.8869,-29.55528333,7,0.021671827
446,2014-11-29,21.2261,-24.5003,2,0.00619195
447,2014-11-29,20.93083333,-27.19516667,2,0.00619195
448,2014-11-29,21.46666667,-25.26666667,2,0.00619195
449,2014-11-29,22.51266667,-26.7275,4,0.012383901
450,2014-11-29,19.90383333,-24.992,243,0.752321981
451,2014-11-29,20.8727,-34.7584,10,0.030959752
452,2014-11-29,41.79,-69.93,1,0.003095975
453,2014-11-29,19.136,-96.1015,1,0.003095975
454,2014-11-29,58.473832,-3.100779,2,0.00619195
455,2014-11-29,16.24183333,-48.62333333,37,0.114551084
456,2014-11-29,21.14333333,-27.36166667,4,0.012383901
457,2014-11-29,23.00553333,-29.57468333,7,0.021671827
458,2014-11-29,18.83333333,-23.48333333,13,0.040247678
459,2014-11-29,16.33583333,-48.56055556,4,0.012383901
460,2014-11-29,16.03,-49.88166667,33,0.102167183
461,2014-11-29,20.37431667,-26.70003333,11,0.034055728
462,2014-11-29,20.20356667,-22.165,58,0.179566563
463,2014-11-29,19.80616667,-25.21366667,165,0.510835913
464,2014-11-29,20.04595,-22.34128333,75,0.232198142
465,2014-11-30,14.65016667,-51.93333333,7,0.021671827
466,2014-11-30,14.25,-56.83,4,0.012383901
467,2014-11-30,14.19335,-56.83846667,2,0.00619195
468,2014-11-30,22.67616667,-31.305,8,0.024767802
469,2014-11-30,14.91178333,-58.68631667,2,0.00619195
470,2014-11-30,14.1,-59.48333333,1,0.003095975
471,2014-11-30,21.31,-28.02,6,0.018575851
472,2014-11-30,21.55,-29.83333333,8,0.024767802
473,2014-11-30,23.51666667,-35.61666667,4,0.012383901
474,2014-11-30,22.61865,-26.3271,10,0.030959752
475,2014-11-30,20.72666667,-28.35166667,18,0.055727554
476,2014-11-30,20.89306667,-28.1017,6,0.018575851
477,2014-11-30,20.90966667,-35.03066667,21,0.06501548
478,2014-11-30,18.7815,-27.416,25,0.077399381
479,2014-11-30,20.01471667,-28.87805,33,0.102167183
480,2014-11-30,21.70283333,-32.52633333,2,0.00619195
481,2014-11-30,22.49133333,-29.36183333,8,0.024767802
482,2014-11-30,15.0295,-55.487,43,0.133126935
483,2014-11-30,15.88,-53.56283333,3,0.009287926
484,2014-12-01,15.18333333,-52.21666667,2,0.00619195
485,2014-12-01,21.52556667,-36.05666667,0,0
486,2014-12-01,14.72283333,-54.846,4,0.012383901
487,2014-12-01,19.79396667,-39.02778333,8,0.024767802
488,2014-12-01,14.41563333,-60.4058,6,0.018575851
489,2014-12-01,14.11666667,-60.91666667,0,0
490,2014-12-01,22.48616667,-26.21683333,22,0.068111455
491,2014-12-01,22.89,-38.7475,10,0.030959752
492,2014-12-01,18.24285,-29.14131667,11,0.034055728
493,2014-12-01,14.87351667,-53.51941667,0,0
494,2014-12-01,18.56618333,-29.6928,40,0.123839009
495,2014-12-01,15.4095,-55.187,0,0
496,2014-12-01,20.57,-37.58,2,0.00619195
497,2014-12-01,22.2,-35.78,7,0.021671827
498,2014-12-01,14.76666667,-56.28333333,0,0
499,2014-12-01,15.02333333,-56.81666667,1,0.003095975
500,2014-12-02,13.87251667,-54.64131667,2,0.00619195
501,2014-12-02,23.03333333,-36.63333333,1,0.003095975
502,2014-12-02,14.45833333,-57.08166667,3,0.009287926
503,2014-12-02,20.58666667,-33.88,3,0.009287926
504,2014-12-02,20.27,-34.15,1,0.003095975
505,2014-12-02,14.16156667,-59.83366667,6,0.018575851
506,2014-12-02,20.48566667,-37.36616667,5,0.015479876
507,2014-12-02,21.85666667,-40.355,14,0.043343653
508,2014-12-02,13.70485,-53.60666667,13,0.040247678
509,2014-12-02,20.91146667,-35.97096667,10,0.030959752
510,2014-12-02,20.68333333,-35.21666667,28,0.086687307
511,2014-12-02,19.27163333,-39.68005,12,0.037151703
512,2014-12-02,19.68883333,-35.70815,29,0.089783282
513,2014-12-02,14.47666667,-59.06,3,0.009287926
514,2014-12-02,21.50531667,-36.78876667,5,0.015479876
515,2014-12-02,20.83928333,-34.3761,7,0.021671827
516,2014-12-02,19.225,-31.60666667,11,0.034055728
517,2014-12-02,14.06909667,-61.00966667,8,0.024767802
518,2014-12-02,17.707,-31.39166667,1,0.003095975
519,2014-12-02,20.6,-33.51666667,6,0.018575851
520,2014-12-02,19.93366667,-42.08496667,16,0.049535604
521,2014-12-02,19.2,-41.78333333,38,0.117647059
522,2014-12-02,20.26921667,-31.32838333,2,0.00619195
523,2014-12-02,17.94898333,-33.89238333,1,0.003095975
524,2014-12-02,20.75833333,-37.31,5,0.015479876
525,2014-12-02,21.35166667,-32.56166667,54,0.167182663
526,2014-12-02,19.97783333,-38.28505,6,0.018575851
527,2014-12-02,20.36944444,-35.275,1,0.003095975
528,2014-12-02,20.03421667,-37.62073333,64,0.198142415
529,2014-12-02,15.157222,-109.59,0,0
530,2014-12-02,47.1722,-122.603,19,0.058823529
531,2014-12-02,47.2972,-122.4301,32,0.099071207
532,2014-12-02,21.01851667,-37.79991667,6,0.018575851
533,2014-12-02,21.21093333,-27.45345,1,0.003095975
534,2014-12-02,19.81833333,-36.20833333,3,0.009287926
535,2014-12-02,14.99466667,-54.46416667,75,0.232198142
536,2014-12-02,18.94551667,-29.60133333,3,0.009287926
537,2014-12-02,14.82875,-58.0586,3,0.009287926
538,2014-12-03,18.59225,-40.64,108,0.334365325
539,2014-12-03,20.3775,-40.39066667,33,0.102167183
540,2014-12-03,19.46666667,-44.21666667,0,0
541,2014-12-03,19.84816667,-35.13516667,10,0.030959752
542,2014-12-03,14.11983333,-60.8745,0,0
543,2014-12-03,21.00483333,-31.76603333,28,0.086687307
544,2014-12-03,19.73333333,-43.11666667,5,0.015479876
545,2014-12-03,21.06983333,-37.076,10,0.030959752
546,2014-12-03,20.01,-38.22,22,0.068111455
547,2014-12-03,17.9376,-37.34746667,3,0.009287926
548,2014-12-03,18.88495,-35.85036667,9,0.027863777
549,2014-12-03,13.82833333,-58.9175,10,0.030959752
550,2014-12-03,19.45,-45.07666667,60,0.185758514
551,2014-12-03,14.30388333,-59.83926667,6,0.018575851
552,2014-12-03,20.24103333,-40.73505,28,0.086687307
553,2014-12-03,14.4365,-58.66233333,28,0.086687307
554,2014-12-03,19.35,-44.05,6,0.018575851
555,2014-12-03,20.31666667,-36.33333333,14,0.043343653
556,2014-12-03,18.78883333,-38.3155,38,0.117647059
557,2014-12-03,19.09606667,-30.27738333,139,0.430340557
558,2014-12-03,18.4875,-35.67416667,27,0.083591331
559,2014-12-04,18.35753333,-45.79335,3,0.009287926
560,2014-12-04,17.95085,-43.92333333,47,0.145510836
561,2014-12-04,14.1,-58.1,0,0
562,2014-12-04,17.87521667,-45.87501667,16,0.049535604
563,2014-12-04,17.08133333,-28.11183333,6,0.018575851
564,2014-12-04,20.6485,-40.32128333,49,0.151702786
565,2014-12-04,17.59833333,-36.63333333,20,0.061919505
566,2014-12-04,17.58728333,-46.47501667,0,0
567,2014-12-04,18.73283333,-35.67933333,0,0
568,2014-12-04,17.40416667,-48.82516667,11,0.034055728
569,2014-12-04,17.32508333,-42.49395,3,0.009287926
570,2014-12-04,17.46166667,-48.46166667,45,0.139318885
571,2014-12-04,17.34633333,-36.238,5,0.015479876
572,2014-12-04,20.00083333,-45.5125,15,0.046439628
573,2014-12-04,18.77916667,-47.456,6,0.018575851
574,2014-12-04,14.22866667,-59.44453333,3,0.009287926
575,2014-12-04,17.279,-44.10783333,11,0.034055728
576,2014-12-04,16.58113333,-41.00536667,0,0
577,2014-12-04,18.61666667,-47.86666667,8,0.024767802
578,2014-12-04,26.75014,-77.31677,17,0.052631579
579,2014-12-04,47.3001,-122.5335,5,0.015479876
580,2014-12-04,12.478,-87.261,10,0.030959752
581,2014-12-04,13.56,-59.02,10,0.030959752
582,2014-12-04,14.44361111,-58.46583333,19,0.058823529
583,2014-12-05,17.60333333,-39.82,12,0.037151703
584,2014-12-05,18.53,-41.32,2,0.00619195
585,2014-12-05,15.41818333,-41.2341,3,0.009287926
586,2014-12-05,18.61083333,-48.18516667,3,0.009287926
587,2014-12-05,17.81666667,-42.53333333,139,0.430340557
588,2014-12-05,19.15296667,-43.09646667,23,0.07120743
589,2014-12-05,19,-43.95,12,0.037151703
590,2014-12-05,15.71166667,-37.34666667,2,0.00619195
591,2014-12-05,17.628,-48.34481667,4,0.012383901
592,2014-12-05,19.02385,-41.998,3,0.009287926
593,2014-12-05,14.18333333,-60.01666667,2,0.00619195
594,2014-12-05,17.51293333,-48.54986333,9,0.027863777
595,2014-12-05,17.76666667,-47.13333333,6,0.018575851
596,2014-12-05,18.3,-48.1,7,0.021671827
597,2014-12-05,19.08805,-43.6777,2,0.00619195
598,2014-12-05,18.1069,-36.71701667,3,0.009287926
599,2014-12-05,14.11025,-59.28061667,20,0.061919505
600,2014-12-05,17.04061667,-44.90875,0,0
601,2014-12-05,18.30433333,-45.50966667,22,0.068111455
602,2014-12-05,18.12511667,-46.21311667,6,0.018575851
603,2014-12-05,18.70473333,-44.61356667,6,0.018575851
604,2014-12-05,15.11861667,-43.88981667,5,0.015479876
605,2014-12-05,19.01666667,-38.445,92,0.284829721
606,2014-12-05,17.80166667,-38.19,6,0.018575851
607,2014-12-05,14.12461667,-60.83735,5,0.015479876
608,2014-12-05,18.53444444,-42.89583333,0,0
609,2014-12-05,16.5,-38.25216667,178,0.551083591
610,2014-12-05,47.5122,-122.4973,13,0.040247678
611,2014-12-05,47.7292,-122.5516,7,0.021671827
612,2014-12-05,15.59,-50.18,6,0.018575851
613,2014-12-05,17.12088333,-46.43686667,6,0.018575851
614,2014-12-05,17.78496667,-44.90255,2,0.00619195
615,2014-12-05,16.31908333,-35.89073333,51,0.157894737
616,2014-12-05,16.866746,-48.250017,35,0.108359133
617,2014-12-06,19.55,-45.24,8,0.024767802
618,2014-12-06,18.58333333,-42.21666667,3,0.009287926
619,2014-12-06,17.38016667,-46.67625,31,0.095975232
620,2014-12-06,18.93333333,-41.51666667,4,0.012383901
621,2014-12-06,18.32268333,-42.28146667,10,0.030959752
622,2014-12-06,17.54983333,-47.654,18,0.055727554
623,2014-12-06,15.18166667,-54.02166667,48,0.148606811
624,2014-12-06,17.905,-41.2835,15,0.046439628
625,2014-12-06,17.65055,-40.10676667,0,0
626,2014-12-06,15.7974,-52.1839,5,0.015479876
627,2014-12-06,15.4108,-53.83721667,0,0
628,2014-12-06,35.9433,-6.1325,12,0.037151703
629,2014-12-06,36.2787,-4.8408,10,0.030959752
630,2014-12-06,47.2109,-122.9087,2,0.00619195
631,2014-12-06,57.166746,-2.079351,0,0
632,2014-12-06,35.9477,-5.3356,14,0.043343653
633,2014-12-06,36.88667,10.33028,1,0.003095975
634,2014-12-06,35.9716,-5.5907,4,0.012383901
635,2014-12-06,14.55,-53.53,8,0.024767802
636,2014-12-06,16.46,-46.59,18,0.055727554
637,2014-12-06,18.2,-42.43333333,40,0.123839009
638,2014-12-06,17.31483333,-45.49983333,16,0.049535604
639,2014-12-06,17.52666667,-48.35333333,3,0.009287926
640,2014-12-06,15.15626667,-41.09096667,1,0.003095975
641,2014-12-06,18.0665,-35.95661667,16,0.049535604
642,2014-12-07,15.85,-53.66666667,3,0.009287926
643,2014-12-07,17.3595,-36.05183333,19,0.058823529
644,2014-12-07,16.11975,-53.88823333,4,0.012383901
645,2014-12-07,16.59666667,-43.53666667,37,0.114551084
646,2014-12-07,15.4,-56.43333333,12,0.037151703
647,2014-12-07,15.94066667,-55.8,5,0.015479876
648,2014-12-07,16.4902,-42.69746667,4,0.012383901
649,2014-12-07,15.67161667,-48.45315,5,0.015479876
650,2014-12-07,17.07166667,-53.82583333,9,0.027863777
651,2014-12-07,19.38,-40.5,6,0.018575851
652,2014-12-07,15.85,-35.6,21,0.06501548
653,2014-12-07,18.22583333,-45.857,49,0.151702786
654,2014-12-08,18.1452,-43.99441667,4,0.012383901
655,2014-12-08,16.53333333,-51.68333333,3,0.009287926
656,2014-12-08,15.315,-46.68166667,3,0.009287926
657,2014-12-08,13.85556667,-59.91851667,1,0.003095975
658,2014-12-08,14.97011667,-57.98538333,9,0.027863777
659,2014-12-08,13.7395,-44.58,2,0.00619195
660,2014-12-08,15.45583333,-55.36683333,84,0.26006192
661,2014-12-08,16.55,-49.12,0,0
662,2014-12-08,14.22236667,-57.95605,14,0.043343653
663,2014-12-08,15.22485,-52.11328333,1,0.003095975
664,2014-12-08,15.03333333,-55.66666667,36,0.111455108
665,2014-12-08,14.235,-60.505,90,0.278637771
666,2014-12-08,18.917,-39.80001667,39,0.120743034
667,2014-12-08,15.64981667,-51.00783333,0,0
668,2014-12-08,14.10176667,-48.74166667,10,0.030959752
669,2014-12-08,17.68628333,-51.76156667,5,0.015479876
670,2014-12-08,15.05556667,-57.53335,2,0.00619195
671,2014-12-08,16.46716667,-53.672,4,0.012383901
672,2014-12-08,15.751465,-45.38028167,1,0.003095975
673,2014-12-08,15.46573333,-54.91021667,25,0.077399381
674,2014-12-08,15.95333333,-56.31333333,6,0.018575851
675,2014-12-08,14.73333333,-50.45,5,0.015479876
676,2014-12-08,15.8,-51.1,11,0.034055728
677,2014-12-08,16.01,-45.6,171,0.529411765
678,2014-12-08,13.63633333,-55.46983333,9,0.027863777
679,2014-12-08,16.74138889,-49.86583333,3,0.009287926
680,2014-12-08,15.35233333,-44.78133333,55,0.170278638
681,2014-12-08,18.2261,-57.0836,4,0.012383901
682,2014-12-08,14.26136667,-54.28093333,3,0.009287926
683,2014-12-08,15.94876667,-52.51593333,2,0.00619195
684,2014-12-08,15.66218333,-43.79253333,59,0.182662539
685,2014-12-09,15.28983333,-54.20916667,38,0.117647059
686,2014-12-09,16.91666667,-49.28333333,4,0.012383901
687,2014-12-09,15.34848333,-49.64153333,4,0.012383901
688,2014-12-09,18.73866667,-51.42,3,0.009287926
689,2014-12-09,14.09066667,-52.59008333,1,0.003095975
690,2014-12-09,16.17133333,-51.66023333,1,0.003095975
691,2014-12-09,13.92376667,-59.2152,4,0.012383901
692,2014-12-09,15.57166667,-47.48466667,8,0.024767802
693,2014-12-09,14.7917,-55.66391667,2,0.00619195
694,2014-12-09,16.412,-47.81633333,12,0.037151703
695,2014-12-09,14.55,-59,17,0.052631579
696,2014-12-09,-45.893411,170.517767,1,0.003095975
697,2014-12-09,-45.908697,170.512847,4,0.012383901
698,2014-12-09,15.185,-53.72666667,4,0.012383901
699,2014-12-09,15.17666667,-53.27716667,5,0.015479876
700,2014-12-09,16.06666667,-48.4,88,0.27244582
701,2014-12-09,15.6301,-40.54681667,29,0.089783282
702,2014-12-10,15.045,-51.36833333,21,0.06501548
703,2014-12-10,14.9766,-50.55616667,1,0.003095975
704,2014-12-10,14.5,-54.81666667,0,0
705,2014-12-10,16.26,-55.52,13,0.040247678
706,2014-12-10,16.11666667,-52.3,7,0.021671827
707,2014-12-10,14.3305,-60.44133333,8,0.024767802
708,2014-12-10,14.57338333,-58.9478,17,0.052631579
709,2014-12-10,14.34316667,-56.31153333,3,0.009287926
710,2014-12-10,15.73626667,-54.41428333,20,0.061919505
711,2014-12-10,22.67,-64.81,0,0
712,2014-12-10,18.1284,-62.3021,7,0.021671827
713,2014-12-10,33.0586,-16.3226,3,0.009287926
714,2014-12-10,9.597,-84.679,0,0
715,2014-12-10,14.46666667,-42.83333333,11,0.034055728
716,2014-12-10,14.13833333,-58.96833333,0,0
717,2014-12-10,14.76816667,-55.98583333,13,0.040247678
718,2014-12-10,14.15976667,-51.96058333,4,0.012383901
719,2014-12-11,14.38666667,-53.965,4,0.012383901
720,2014-12-11,14.18085,-55.9548,2,0.00619195
721,2014-12-11,14.54111667,-51.9311,71,0.219814241
722,2014-12-11,14.83158333,-53.37563333,0,0
723,2014-12-11,14.33666667,-57.67333333,7,0.021671827
724,2014-12-11,14.67863333,-57.28321667,34,0.105263158
725,2014-12-11,15.13566667,-50.80966667,6,0.018575851
726,2014-12-11,15.39293333,-57.70411667,25,0.077399381
727,2014-12-11,14.30233333,-58.7245,23,0.07120743
728,2014-12-11,15.23,-56.21,4,0.012383901
729,2014-12-11,14.47166667,-59.54033333,4,0.012383901
730,2014-12-11,15.50166667,-52.535,46,0.142414861
731,2014-12-11,18.0351,-63.1007,5,0.015479876
732,2014-12-11,15.08066667,-51.268,71,0.219814241
733,2014-12-11,14.72006667,-58.9304,10,0.030959752
734,2014-12-11,14.04666667,-58.84,2,0.00619195
735,2014-12-11,14.48133333,-58.01616667,18,0.055727554
736,2014-12-11,15.52633333,-56.18,30,0.092879257
737,2014-12-11,15.0196,-51.86673333,68,0.210526316
738,2014-12-12,14.54533333,-56.4675,30,0.092879257
739,2014-12-12,15.07366667,-58.81733333,15,0.046439628
740,2014-12-12,15.65366667,-49.543,4,0.012383901
741,2014-12-12,19.22,-60.14,13,0.040247678
742,2014-12-12,14.49341667,-59.5731,24,0.074303406
743,2014-12-12,14.89833333,-54.59,4,0.012383901
744,2014-12-12,14.96666667,-56.96666667,1,0.003095975
745,2014-12-12,14.6989,-57.35078333,20,0.061919505
746,2014-12-12,14.25175,-60.49313333,5,0.015479876
747,2014-12-12,15.86416667,-53.98133333,10,0.030959752
748,2014-12-12,14.34405,-58.62546667,14,0.043343653
749,2014-12-12,15.07833333,-58.64444444,7,0.021671827
750,2014-12-12,33.0612,-16.3139,9,0.027863777
751,2014-12-12,45.660404,-123.930485,0,0
752,2014-12-12,45.554362,-123.89967,0,0
753,2014-12-12,14.85266667,-60.50233333,1,0.003095975
754,2014-12-12,13.46786667,-57.38666667,4,0.012383901
755,2014-12-12,14.52133333,-59.62733333,30,0.092879257
756,2014-12-13,14.61333333,-58.76,123,0.380804954
757,2014-12-13,14.03333333,-50.63333333,13,0.040247678
758,2014-12-13,14.12806667,-60.79105,0,0
759,2014-12-13,15.21181667,-49.82036667,44,0.13622291
760,2014-12-14,14.34366667,-59.33883333,16,0.049535604
761,2014-12-14,15.1785,-53.7555,0,0
762,2014-12-15,14.82383333,-18.112,2,0.00619195
763,2014-12-15,15.08366667,-53.00383333,1,0.003095975
764,2014-12-16,14,-59,12,0.037151703
765,2014-12-19,36.658056,-121.824722,0,0
766,2014-12-19,15.9535,-94.0104,2,0.00619195
767,2014-12-19,36.655556,-121.825833,0,0
768,2014-12-20,48.117592,-122.751408,2,0.00619195
769,2014-12-20,47.550434,-122.626476,0,0
770,2014-12-21,36.955,-122.024444,0,0
771,2014-12-23,18.3,-64.73,0,0
772,2014-12-25,47.867867,-122.63503,3,0.009287926
773,2014-12-27,37.34472,9.741111,0,0
774,2014-12-27,36.547222,-121.930278,2,0.00619195
775,2014-12-30,15.687,-96.237,7,0.021671827
776,2015-01-01,15.8473,-98.0337,0,0
777,2015-01-03,16.623,-99.6978,1,0.003095975
778,2015-01-09,57.05247,-135.34912,0,0
779,2015-01-09,57.0428,-135.32501,2,0.00619195
780,2015-01-09,57.03858,-135.3736,15,0.046439628
781,2015-01-09,57.03253,-135.39468,1,0.003095975
782,2015-01-09,57.10157,-135.40662,0,0
783,2015-01-11,57.685798,-2.001086,0,0
784,2015-01-16,36.959167,-122.001389,1,0.003095975
785,2015-01-16,36.960833,-122.012222,1,0.003095975
786,2015-01-17,17.93,-62.87,0,0
787,2015-01-20,24.2975,-17.583611,47,0.145510836
788,2015-01-22,18,-63,2,0.00619195
789,2015-01-24,17.0463,-29.3447,17,0.052631579
790,2015-01-28,16.9997,-38.7717,3,0.009287926
791,2015-01-28,18.46,-65.02,0,0
792,2015-01-28,16.8575,-25.301667,9,0.027863777
793,2015-01-29,13.533056,-95.803889,13,0.040247678
794,2015-01-29,36.957222,-121.966944,2,0.00619195
795,2015-01-30,13.948889,-99.156111,5,0.015479876
796,2015-01-31,46.229261,-124.02341,2,0.00619195
797,2015-01-31,17.9167,-45.4167,9,0.027863777
798,2015-01-31,36.846111,-121.808333,1,0.003095975
799,2015-02-01,17.1,-47.55,11,0.034055728
800,2015-02-02,16.8667,-49.25,17,0.052631579
801,2015-02-03,11.400556,-38.5222222,0,0
802,2015-02-04,16.0667,-52.3833,62,0.191950464
803,2015-02-05,21.826389,-108.015278,10,0.030959752
804,2015-02-06,0.2891,-90.5589,3,0.009287926
805,2015-02-07,25.707068,-80.15189,5,0.015479876
806,2015-02-07,0.314018,-89.947055,2,0.00619195
807,2015-02-10,12.386111,-53.097778,5,0.015479876
808,2015-02-11,15.970833,-102.349722,6,0.018575851
809,2015-02-14,10.088792,99.825303,4,0.012383901
810,2015-02-14,11.238611,-59.607778,11,0.034055728
811,2015-02-15,8.48083,81.33078,0,0
812,2015-02-18,-37.923667,144.986456,2,0.00619195
813,2015-02-22,25.1234,-76.8331,9,0.027863777
814,2015-02-23,25.5377,-76.7583,8,0.024767802
815,2015-02-23,27.7306,34.19273,5,0.015479876
816,2015-02-24,18.41,-68.23,0,0
817,2015-02-25,18.4889,-64.45,5,0.015479876
818,2015-02-27,18.7167,-64.283333,1,0.003095975
819,2015-02-27,-2.329292,140.083849,1,0.003095975
820,2015-02-28,19.2,-69.33,0,0
821,2015-02-28,28.544557,-14.064403,33,0.102167183
822,2015-02-28,28.355649,-13.877698,20,0.061919505
823,2015-02-28,28.74005,-13.860787,36,0.111455108
824,2015-02-28,28.711806,-14.011643,17,0.052631579
825,2015-03-01,28.689534,-14.013904,8,0.024767802
826,2015-03-01,47.536529,-122.472239,0,0
827,2015-03-02,36.9575,-122.024722,2,0.00619195
828,2015-03-03,26.4443,-82.0791,1,0.003095975
829,2015-03-03,10.302,-85.841417,1,0.003095975
830,2015-03-04,7.122056,99.424308,0,0
831,2015-03-04,26.4827,-82.1831,0,0
832,2015-03-07,48.134811,-122.83977,11,0.034055728
833,2015-03-09,9.66551,-85.19258,0,0
834,2015-03-12,26.8408,-77.3893,9,0.027863777
835,2015-03-13,-9.70974,46.53444,6,0.018575851
836,2015-03-14,-9.7045,46.51059,2,0.00619195
837,2015-03-15,-9.65893,47.56776,8,0.024767802
838,2015-03-15,13.5857,-16.61065,1,0.003095975
839,2015-03-16,-9.77359,47.56754,2,0.00619195
840,2015-03-16,16.84971667,-87.78736667,2,0.00619195
841,2015-03-16,16.79941667,-87.8548,3,0.009287926
842,2015-03-16,16.87846667,-87.723645,5,0.015479876
843,2015-03-16,16.79965,-87.85793333,2,0.00619195
844,2015-03-16,16.9733,-87.70246667,0,0
845,2015-03-16,16.71308333,-87.85485,0,0
846,2015-03-17,-9.7522,47.60239,6,0.018575851
847,2015-03-17,-9.66099,47.59412,12,0.037151703
848,2015-03-17,26.6839,-77.173,19,0.058823529
849,2015-03-18,19.346473,-81.186086,1,0.003095975
850,2015-03-19,19.333085,-81.084537,0,0
851,2015-03-19,19.280831,-81.245956,0,0
852,2015-03-19,34.2421,-119.2627,1,0.003095975
853,2015-03-19,-54.93996667,-69.15401667,6,0.018575851
854,2015-03-20,-54.73725,-69.61313333,12,0.037151703
855,2015-03-22,-9.38917,46.19691,2,0.00619195
856,2015-03-22,39.95373,-74.19792,2,0.00619195
857,2015-03-23,-9.49621,46.26835,6,0.018575851
858,2015-03-23,-9.43685,46.20055,2,0.00619195
859,2015-03-23,-54.54528333,-71.90823333,3,0.009287926
860,2015-03-24,-9.36693,46.28516,4,0.012383901
861,2015-03-24,-9.36719,46.24134,2,0.00619195
862,2015-03-24,16.71485,-87.86828333,0,0
863,2015-03-24,16.70053333,-87.88183333,1,0.003095975
864,2015-03-24,16.71683333,-87.8784,0,0
865,2015-03-24,16.71555,-87.8752,0,0
866,2015-03-24,16.7594,-87.77516667,0,0
867,2015-03-24,16.71986667,-87.7875,10,0.030959752
868,2015-03-24,-54.5059,-72.02303333,4,0.012383901
869,2015-03-24,-54.4125,-71.25286667,29,0.089783282
870,2015-03-25,-9.45176,46.42526,2,0.00619195
871,2015-03-26,-9.39329,46.24915,5,0.015479876
872,2015-03-26,-9.72988,46.50068,0,0
873,2015-03-26,11.32402,-15.65448,2,0.00619195
874,2015-03-27,25.15076,-80.51313,2,0.00619195
875,2015-03-28,33.9854,-119.6378,2,0.00619195
876,2015-03-28,24.81072,-80.82795,2,0.00619195
877,2015-03-29,33.4524,-119.0053,0,0
878,2015-03-29,25.1291,-80.3896,3,0.009287926
879,2015-03-30,32.8454,-118.3583,1,0.003095975
880,2015-04-02,25.8,-79.36,0,0
881,2015-04-05,46.270759,-124.074542,1,0.003095975
882,2015-04-05,36.957915,-121.968467,1,0.003095975
883,2015-04-05,32.407899,-117.240017,2,0.00619195
884,2015-04-06,-47.00316667,-56.42195,4,0.012383901
885,2015-04-08,17.6251,-101.5569,1,0.003095975
886,2015-04-08,-44.93216667,-57.13673333,13,0.040247678
887,2015-04-09,-43.25095,-57.86403333,5,0.015479876
888,2015-04-10,15.859616,-97.078484,1,0.003095975
889,2015-04-10,-40.78425,-56.83005,20,0.061919505
890,2015-04-11,-37.74108333,-56.52986667,9,0.027863777
891,2015-04-11,28.295049,-115.577844,6,0.018575851
892,2015-04-12,18.2883,-103.7042,1,0.003095975
893,2015-04-12,-35.98133333,-56.77021667,10,0.030959752
894,2015-04-15,26.732861,-113.542154,5,0.015479876
895,2015-04-16,26.239577,-112.474262,3,0.009287926
896,2015-04-16,9.8155,-20.36217,10,0.030959752
897,2015-04-19,20.0076,-105.6062,1,0.003095975
898,2015-04-19,24.778801,-112.256906,4,0.012383901
899,2015-04-21,24.301023,-111.70709,14,0.043343653
900,2015-04-23,21.7932,-105.8398,3,0.009287926
901,2015-04-25,-10.93303,-34.9287,5,0.015479876
902,2015-04-29,23.5276,-108.5381,3,0.009287926
903,2015-05-01,24.599576,-110.400389,8,0.024767802
904,2015-05-01,37.913321,-122.343344,3,0.009287926
905,2015-05-02,25.2889,-109.4241,1,0.003095975
906,2015-05-02,0.31,128.16,4,0.012383901
907,2015-05-02,39.426348,-123.805699,1,0.003095975
908,2015-05-03,41.746334,-124.184193,10,0.030959752
909,2015-05-05,43.346018,-124.323508,0,0
910,2015-05-06,22.066708,-64.483376,109,0.3374613
911,2015-05-06,24.433567,-64.278056,34,0.105263158
912,2015-05-07,26.55,-16.2,40,0.123839009
913,2015-05-07,23.183301,-106.420706,8,0.024767802
914,2015-05-07,48.368836,-124.6248,2,0.00619195
915,2015-05-08,30.450185,-64.216873,21,0.06501548
916,2015-05-08,48.399562,-122.494613,2,0.00619195
917,2015-05-10,24.88333333,-24,7,0.021671827
918,2015-05-10,-12.75815,-38.63575,3,0.009287926
919,2015-05-12,24.33638889,-29.15916667,17,0.052631579
920,2015-05-14,60.19458333,-145.3325,2,0.00619195
921,2015-05-15,21.312377,-106.223221,14,0.043343653
922,2015-05-16,26.95,-40.83333333,2,0.00619195
923,2015-05-17,19.537646,-105.084755,0,0
924,2015-05-18,28.18333333,-45.86666667,16,0.049535604
925,2015-05-20,18.208138,-103.760621,2,0.00619195
926,2015-05-22,31.63527778,-53.90194444,4,0.012383901
927,2015-05-22,-27.11763333,-48.54018333,13,0.040247678
928,2015-05-24,60.39033333,-145.7124333,0,0
929,2015-05-25,32.68333333,-62.51666667,3,0.009287926
930,2015-05-27,32.45111111,-65.83583333,10,0.030959752
931,2015-05-27,37.483417,-47.516694,89,0.275541796
932,2015-05-29,77.38339,13.83342,3,0.009287926
933,2015-06-02,46.229167,-63.124167,1,0.003095975
934,2015-06-02,46.23,-63.145556,1,0.003095975
935,2015-06-04,26.1264,-80.09215,7,0.021671827
936,2015-06-05,26.055,-79.99,6,0.018575851
937,2015-06-06,18.5,-64.37,0,0
938,2015-06-07,50.779417,0.054094,0,0
939,2015-06-07,50.5811833,-2.4153333,6,0.018575851
940,2015-06-08,26.0136,-79.88691667,7,0.021671827
941,2015-06-09,46.432222,-63.318333,2,0.00619195
942,2015-06-09,46.388333,-63.7825,1,0.003095975
943,2015-06-09,46.450556,-63.461667,2,0.00619195
944,2015-06-09,15.803222,-96.008161,6,0.018575851
945,2015-06-10,46.455278,-63.293611,2,0.00619195
946,2015-06-11,24.5459,-81.41246667,1,0.003095975
947,2015-06-12,-43.610071,146.821896,2,0.00619195
948,2015-06-13,52.3732,-131.356,1,0.003095975
949,2015-06-13,60.008,-149.404,15,0.046439628
950,2015-06-13,69.03017,-16.62,9,0.027863777
951,2015-06-14,49.52668,-124.63335,2,0.00619195
952,2015-06-15,52.1173,-131.1566,1,0.003095975
953,2015-06-15,25.7429,-80.08645,3,0.009287926
954,2015-06-16,26.0192,-80.08565,6,0.018575851
955,2015-06-16,60.06606,-149.43947,6,0.018575851
956,2015-06-17,60.03106,-149.43946,8,0.024767802
957,2015-06-17,50.16668,-125.3352,9,0.027863777
958,2015-06-19,42.8,-59.9,4,0.012383901
959,2015-06-20,65.683027,-18.086119,5,0.015479876
960,2015-06-20,65.705569,-21.665213,7,0.021671827
961,2015-06-24,66.017788,-23.448292,10,0.030959752
962,2015-06-25,15.763737,-96.094417,10,0.030959752
963,2015-06-26,59.7732,-150.0451,1,0.003095975
964,2015-06-27,59.87472,-149.7407,7,0.021671827
965,2015-06-27,59.9816,-139.4553667,12,0.037151703
966,2015-06-27,66.434639,-163.272417,8,0.024767802
967,2015-06-28,59.85748,-149.6314,2,0.00619195
968,2015-06-29,37.85311667,-122.4023667,18,0.055727554
969,2015-06-30,60.42217,-42.483,8,0.024767802
970,2015-07-06,36.98238333,-122.9855667,19,0.058823529
971,2015-07-06,36.97311667,-122.9537333,31,0.095975232
972,2015-07-07,-43.568965,172.762724,0,0
973,2015-07-08,63.68133,-51.63917,21,0.06501548
974,2015-07-12,37.677222,-76.3275,10,0.030959752
975,2015-07-14,73.62611667,-81.36758333,107,0.33126935
976,2015-07-14,73.62611667,-81.36758333,116,0.359133127
977,2015-07-14,73.62611667,-81.36758333,41,0.126934985
978,2015-07-14,73.6265,-81.36286667,30,0.092879257
979,2015-07-14,73.6265,-81.36286667,44,0.13622291
980,2015-07-14,73.6265,-81.36286667,49,0.151702786
981,2015-07-14,37.91343333,-122.4544833,21,0.06501548
982,2015-07-14,-12.97238,-38.51602,0,0
983,2015-07-15,-18.55338,43.83788,3,0.009287926
984,2015-07-16,8.39816,-83.3481,4,0.012383901
985,2015-07-16,60.04952,-149.44315,8,0.024767802
986,2015-07-16,60.04422,-149.4409,7,0.021671827
987,2015-07-19,37.6358333,-76.4125,11,0.034055728
988,2015-07-21,-13.91547,-38.98988,0,0
989,2015-07-22,59.903801,-149.72331,5,0.015479876
990,2015-07-22,57.17495,-133.1069333,9,0.027863777
991,2015-07-23,16.51,-144.42,17,0.052631579
992,2015-07-23,42,-49.1,2,0.00619195
993,2015-07-24,57.30011667,-133.71685,3,0.009287926
994,2015-07-25,11.787,-86.514,2,0.00619195
995,2015-07-25,-14.77318,-38.9879,0,0
996,2015-07-26,21.268966,-157.822934,6,0.018575851
997,2015-07-30,59.94463,-149.29577,7,0.021671827
998,2015-07-30,-17.9684,-38.71215,1,0.003095975
999,2015-08-01,38.14138889,-76.61333333,8,0.024767802
1000,2015-08-02,40.4,-44.01,4,0.012383901
1001,2015-08-05,78.9276,11.9374,4,0.012383901
1002,2015-08-06,11.257212,-85.877529,2,0.00619195
1003,2015-08-08,41.4,-39.7,0,0
1004,2015-08-09,-26.877,-45.608,4,0.012383901
1005,2015-08-10,-29.71,-46.582,2,0.00619195
1006,2015-08-11,-31.696,-48.56,18,0.055727554
1007,2015-08-12,-33.218,-51.063,0,0
1008,2015-08-12,48.56968,-46.36145,8,0.024767802
1009,2015-08-13,-34.53,-53.86,4,0.012383901
1010,2015-08-15,50.56946,-36.16327,4,0.012383901
1011,2015-08-17,51.40311,-30.18214,10,0.030959752
1012,2015-08-18,62.39033,-10.2745,0,0
1013,2015-08-19,42.1,-35.3,4,0.012383901
1014,2015-08-21,-35.632,-55.158,44,0.13622291
1015,2015-08-22,-37.458,-55.868,1,0.003095975
1016,2015-08-27,49.485642,-124.353517,0,0
1017,2015-08-28,49.485642,-124.353517,3,0.009287926
1018,2015-08-28,49.485642,-124.353517,0,0
1019,2015-08-30,10.935708,-85.866627,6,0.018575851
1020,2015-08-30,58.27733,8.901667,1,0.003095975
1021,2015-09-01,57.91061667,-133.50505,21,0.06501548
1022,2015-09-01,76.53914,-81.246405,7,0.021671827
1023,2015-09-01,49.485642,-124.353517,4,0.012383901
1024,2015-09-02,45.2461,-61.22393333,15,0.046439628
1025,2015-09-02,49.485642,-124.353517,10,0.030959752
1026,2015-09-06,30.15503,-15.15503,1,0.003095975
1027,2015-09-06,30.16137,-15.87577,2,0.00619195
1028,2015-09-07,30.04027,-16.02938,1,0.003095975
1029,2015-09-08,30.0571,-16.04051,0,0
1030,2015-09-08,30.05721,-16.0496,0,0
1031,2015-09-09,30.04973,-16.05405,0,0
1032,2015-09-09,30.03508,-16.05608,1,0.003095975
1033,2015-09-09,30.02843,-16.05731,2,0.00619195
1034,2015-09-10,30.01959,-16.03149,1,0.003095975
1035,2015-09-10,30.02962,-16.01961,2,0.00619195
1036,2015-09-11,30.14995,-15.85514,0,0
1037,2015-09-11,30.14548,-15.85511,0,0
1038,2015-09-11,43.5,-30.7,6,0.018575851
1039,2015-09-12,30.134,-15.8703,2,0.00619195
1040,2015-09-12,30.14009,-15.87603,0,0
1041,2015-09-15,41.201806,-71.560333,6,0.018575851
1042,2015-09-15,41.392942,-71.420267,4,0.012383901
1043,2015-09-18,41.53705,-71.40441,4,0.012383901
1044,2015-09-19,32.631528,-117.104222,4,0.012383901
1045,2015-09-19,32.632222,-117.105583,5,0.015479876
1046,2015-09-19,32.632056,-117.105917,3,0.009287926
1047,2015-09-28,10.850467,-85.797967,4,0.012383901
1048,2015-09-30,30.11666667,-15.88333333,1,0.003095975
1049,2015-10-08,41.56333,-71.23667,4,0.012383901
1050,2015-10-10,39.0558,-76.2883,63,0.19504644
1051,2015-10-10,38.8678,-76.485,51,0.157894737
1052,2015-10-10,38.9387,-76.5281,23,0.07120743
1053,2015-10-11,41.631944,-71.403889,2,0.00619195
1054,2015-10-12,37.656008,-76.436844,8,0.024767802
1055,2015-10-12,37.631705,-76.436581,4,0.012383901
1056,2015-10-12,37.625939,-76.409586,4,0.012383901
1057,2015-10-12,37.58982,-76.2855,48,0.148606811
1058,2015-10-18,-12.147541,-77.025402,0,0
1059,2015-10-25,48.810111,-123.318694,1,0.003095975
1060,2015-10-25,48.733889,-123.1875,8,0.024767802
1061,2015-10-28,20.691604,-156.444971,4,0.012383901
1062,2015-10-31,-43.57150674,172.7713555,2,0.00619195
1063,2015-11-02,21.016144,-156.639876,6,0.018575851
1064,2015-11-02,-32.92106667,-71.64111,0,0
1065,2015-11-04,-52.92278,-70.5933,12,0.037151703
1066,2015-11-06,-51.91417,-72.73694,2,0.00619195
1067,2015-11-09,-42.74051,147.207052,0,0
1068,2015-11-11,45.44075,12.32145,2,0.00619195
1069,2015-11-12,34.2,-77.26667,323,1
1070,2015-11-13,38.8992,-76.4797,16,0.049535604
1071,2015-11-15,-42.913731,147.360354,3,0.009287926
1072,2015-11-17,24.32417,-110.3272,0,0
1073,2015-11-17,38.8663,-76.4925,26,0.080495356
1074,2015-11-19,23.37897641,-109.4305,6,0.018575851
1075,2015-11-23,60.373506,-146.231834,11,0.034055728
1076,2015-12-02,60.03022,-148.038987,8,0.024767802
1077,2015-12-02,60.04515,-147.55605,8,0.024767802
1078,2015-12-02,60.311944,-148.055605,13,0.040247678
1079,2015-12-04,60.33072,-148.01997,6,0.018575851
1080,2015-12-04,60.466666,-148.39903,11,0.034055728
1081,2015-12-04,60.484764,-148.343776,26,0.080495356
1082,2015-12-04,60.485862,-148.268703,6,0.018575851
1083,2015-12-05,60.153596,-147.329578,16,0.049535604
1084,2015-12-05,60.212917,-147.171583,10,0.030959752
1085,2015-12-07,60.518789,-147.35228,6,0.018575851
1086,2015-12-07,60.476233,-147.47189,6,0.018575851
1087,2015-12-13,60.543707,-145.762503,0,0
1088,2015-12-13,60.562733,-145.742953,12,0.037151703
1089,2015-12-24,-2.513579,9.751595,7,0.021671827
1090,2015-12-25,25.31615,-80.908183,0,0
1091,2015-12-28,1.745,110.493,0,0
1092,2015-12-29,1.81,110.325,0,0
1093,2015-12-30,-20.187121,-70.180562,0,0
1094,2016-01-02,-20.646684,-70.19815,0,0
1095,2016-01-05,18.31667,-64,10,0.030959752
1096,2016-01-07,8.55,140.06,0,0
1097,2016-01-07,18.2243,-64.31981,0,0
1098,2016-01-08,1.2817,108.13,3,0.009287926
1099,2016-01-08,26.35833,-78.48333,68,0.210526316
1100,2016-01-10,18.3031196,-64.2330754,0,0
1101,2016-01-10,0.9283,107.473,3,0.009287926
1102,2016-01-12,-38.03473913,140.6198572,0,0
1103,2016-01-12,0.043,107.86167,8,0.024767802
1104,2016-01-13,-1.71483,108.678167,0,0
1105,2016-01-16,-1.9787,108.39467,1,0.003095975
1106,2016-01-19,18.2038,-64.4243,0,0
1107,2016-01-20,18.2642,-64.45052,6,0.018575851
1108,2016-01-24,-37.16196181,139.7618177,0,0
1109,2016-01-24,18.2893,-64.277,0,0
1110,2016-01-24,-2.3727,107.6495,5,0.015479876
1111,2016-01-25,-64.541524,-61.995803,12,0.037151703
1112,2016-01-25,-64.655973,-62.129507,8,0.024767802
1113,2016-01-25,24.36167,-76.52833,3,0.009287926
1114,2016-01-26,-2.8098,107.366,0,0
1115,2016-01-28,-64.823977,-63.484497,11,0.034055728
1116,2016-01-28,24.395,-76.635,7,0.021671827
1117,2016-01-31,-64.817176,-63.5025,8,0.024767802
1118,2016-02-04,-55.295339,-66.837689,1,0.003095975
1119,2016-02-05,23.88667,-76.165,1,0.003095975
1120,2016-02-06,-54.934913,-67.61865,12,0.037151703
1121,2016-02-06,-54.874657,-68.022979,14,0.043343653
1122,2016-02-12,-38.05912813,140.7992117,0,0
1123,2016-02-18,12.301,-82.986,7,0.021671827
1124,2016-02-21,12.82465,-60.371583,19,0.058823529
1125,2016-02-25,14.0116,-59.7146,21,0.06501548
1126,2016-02-26,-38.03774,140.94376,0,0
1127,2016-02-26,14.19308,-60.8738,2,0.00619195
1128,2016-03-05,14.3452,-61.67163,8,0.024767802
1129,2016-03-05,22.36167,-72.98333,0,0
1130,2016-03-07,15.37885,-61.49292,1,0.003095975
1131,2016-03-09,16.9754,-61.78135,10,0.030959752
1132,2016-03-11,17.0115,-61.7824,5,0.015479876
1133,2016-03-13,-3.14583,111.47267,1,0.003095975
1134,2016-03-13,10.29002,-109.23054,3,0.009287926
1135,2016-03-14,3.543837,100.227747,77,0.238390093
1136,2016-03-14,37.788174,-122.491338,3,0.009287926
1137,2016-03-14,37.788174,-122.491338,2,0.00619195
1138,2016-03-14,10.32106,-109.22913,1,0.003095975
1139,2016-03-14,10.28359,-109.21552,3,0.009287926
1140,2016-03-15,38.879,-76.521,18,0.055727554
1141,2016-03-15,38.8592,-76.5101,10,0.030959752
1142,2016-03-15,19.90167,-70.95333,36,0.111455108
1143,2016-03-15,10.31494,-109.21211,1,0.003095975
1144,2016-03-16,10.29423,-109.20042,1,0.003095975
1145,2016-03-16,10.28636,-109.22016,0,0
1146,2016-03-17,10.31207,-109.20273,0,0
1147,2016-03-17,10.29929,-109.19892,1,0.003095975
1148,2016-03-17,10.28839,-109.20377,1,0.003095975
1149,2016-03-18,10.33125,-109.24828,3,0.009287926
1150,2016-03-19,-2.7367,111.7367,0,0
1151,2016-03-19,10.30101,-109.16983,3,0.009287926
1152,2016-03-19,10.31713,-109.21667,0,0
1153,2016-03-22,-1.66,108.92167,0,0
1154,2016-03-25,11.13997,-85.7964,0,0
1155,2016-03-28,-0.01,108.70167,0,0
1156,2016-03-30,18.75492,-110.91424,0,0
1157,2016-03-30,18.7996,-110.9158,1,0.003095975
1158,2016-03-31,18.84204,-110.94576,0,0
1159,2016-03-31,18.81913,-110.93303,3,0.009287926
1160,2016-04-01,18.78367,-111.04778,0,0
1161,2016-04-01,18.76801,-111.0237,0,0
1162,2016-04-03,58.4,-152.3,5,0.015479876
1163,2016-04-03,19.90167,-70.95333,1,0.003095975
1164,2016-04-04,19.382409,-155.990753,0,0
1165,2016-04-04,19.432924,-156.153488,4,0.012383901
1166,2016-04-04,18.99268,-112.08426,0,0
1167,2016-04-06,3.81,112.9183,0,0
1168,2016-04-08,19.08,-69.47,6,0.018575851
1169,2016-04-09,-3.969059,106.440687,25,0.077399381
1170,2016-04-09,58.3,-152.06,5,0.015479876
1171,2016-04-09,19.3096,-110.8192,1,0.003095975
1172,2016-04-09,19.29609,-110.8148,0,0
1173,2016-04-14,23.46238,-109.4078,3,0.009287926
1174,2016-04-16,-7.989448,102.649707,93,0.287925697
1175,2016-04-17,19.646346,-156.017618,0,0
1176,2016-04-25,-0.57,-90.57,3,0.009287926
1177,2016-04-26,9.92333,116.3,24,0.074303406
1178,2016-04-28,-2.52,-94.4,4,0.012383901
1179,2016-04-29,-12.091676,96.883339,24,0.074303406
1180,2016-04-29,14.228,118.822,21,0.06501548
1181,2016-05-01,-3.25,-98.43,0,0
1182,2016-05-03,-5.11,-102.52,4,0.012383901
1183,2016-05-04,18.0395937,-63.09167675,0,0
1184,2016-05-05,9.291475,-82.087536,0,0
1185,2016-05-05,-5.52,-106.54,2,0.00619195
1186,2016-05-06,18.364224,-64.725497,0,0
1187,2016-05-06,18.364224,-64.725497,0,0
1188,2016-05-06,18.35964,-64.811367,0,0
1189,2016-05-06,18.301008,-64.82921,0,0
1190,2016-05-06,18.326917,-64.796802,3,0.009287926
1191,2016-05-07,-16.351642,78.834707,13,0.040247678
1192,2016-05-07,59.86,-149.11,13,0.040247678
1193,2016-05-07,-5.58,-111.4,2,0.00619195
1194,2016-05-08,70.668056,25.389722,1,0.003095975
1195,2016-05-08,19.4577,-154.8418,0,0
1196,2016-05-14,-8.43,-123.39,0,0
1197,2016-05-17,-9.5,-130.04,0,0
1198,2016-05-18,27.91458,-64.04535,41,0.126934985
1199,2016-05-19,30.31269,-64.14373,45,0.139318885
1200,2016-05-23,7.693,-81.7568,0,0
1201,2016-05-24,60.7,-147.07,0,0
1202,2016-05-25,56.33388,-6.38302,0,0
1203,2016-05-27,56.8307,-6.15612,0,0
1204,2016-05-28,39.5277,-75.8119,0,0
1205,2016-05-28,39.5541,-75.6178,0,0
1206,2016-05-29,63.127924,18.82602,0,0
1207,2016-06-02,23.641,122.963,7,0.021671827
1208,2016-06-02,-33.894006,121.82325,0,0
1209,2016-06-04,7.47945,-82.23422,5,0.015479876
1210,2016-06-04,41.06251,17.73452,10,0.030959752
1211,2016-06-07,16.305,-61.79833,18,0.055727554
1212,2016-06-08,18.44998886,-64.43644239,0,0
1213,2016-06-09,38.19424,13.91563,10,0.030959752
1214,2016-06-10,18.43562659,-64.71217976,0,0
1215,2016-06-10,18.4419248,-64.75108797,0,0
1216,2016-06-12,38.86067,9.43051,11,0.034055728
1217,2016-06-13,78.3,13.93,3,0.009287926
1218,2016-06-13,24.342,124.147,3,0.009287926
1219,2016-06-14,8.62088,-83.15415,1,0.003095975
1220,2016-06-17,81.09,15.5,31,0.095975232
1221,2016-06-18,79.96,18.62,11,0.034055728
1222,2016-06-19,-43.571806,172.7665,0,0
1223,2016-06-19,26.163,127.342,1,0.003095975
1224,2016-06-22,5.55323,-87.04492,0,0
1225,2016-06-23,79,12.23,0,0
1226,2016-06-23,4.79588,-87.49332,0,0
1227,2016-06-24,26.272,127.555,2,0.00619195
1228,2016-06-30,-0.898033,-89.6147,1,0.003095975
1229,2016-07-03,28.111,129.335,5,0.015479876
1230,2016-07-09,28.192,129.217,2,0.00619195
1231,2016-07-10,38.8756,-76.2563,7,0.021671827
1232,2016-07-10,38.8211,-76.4317,9,0.027863777
1233,2016-07-15,41.4947,-71.0185,0,0
1234,2016-07-17,30.769,130.32,9,0.027863777
1235,2016-07-20,31.862,124.927,1,0.003095975
1236,2016-07-21,42.95218,-9.19063,0,0
1237,2016-07-25,31.969072,-117.152222,6,0.018575851
1238,2016-07-30,33.123,129.574,3,0.009287926
1239,2016-08-07,-38.46927,144.085317,0,0
1240,2016-08-08,70.72458,-147.25027,280,0.866873065
1241,2016-08-09,-38.383071,144.257172,0,0
1242,2016-08-12,70.07197,-135.40517,176,0.544891641
1243,2016-08-14,70.32363,-122.89848,199,0.616099071
1244,2016-08-15,-38.662567,143.865095,0,0
1245,2016-08-16,68.40548,-111.93873,206,0.637770898
1246,2016-08-19,67.456087,-95.357297,3,0.009287926
1247,2016-08-20,39.0854,-76.1694,14,0.043343653
1248,2016-08-22,68.50928,-101.72495,73,0.226006192
1249,2016-08-23,41.514806,-70.982189,0,0
1250,2016-08-27,69.06988,-95.05578,132,0.408668731
1251,2016-08-30,61.14436,-165.3639,3,0.009287926
1252,2016-09-01,71.82675,-93.69878,87,0.269349845
1253,2016-09-03,69.67642,-81.94312,64,0.198142415
1254,2016-09-08,65.2585,-78.7545,44,0.13622291
1255,2016-09-12,61.03802,-66.93245,7,0.021671827
1256,2016-09-13,33.592,130.312,0,0
1257,2016-09-14,-16.452878,123.010045,1,0.003095975
1258,2016-09-15,48.47833,-125.06494,3,0.009287926
1259,2016-09-15,34.262,132.768,0,0
1260,2016-09-16,46.90919,-124.1755,0,0
1261,2016-09-18,26.416793,-80.066681,5,0.015479876
1262,2016-09-20,46.23,-124.14658,3,0.009287926
1263,2016-09-20,34.376,133.238,0,0
1264,2016-09-24,-17.930272,122.209109,0,0
1265,2016-09-25,46.23632628,-124.1053679,7,0.021671827
1266,2016-09-25,46.07668031,-124.4126101,5,0.015479876
1267,2016-09-25,60.797,-148.093,0,0
1268,2016-09-25,4.36896,-84.80075,0,0
1269,2016-09-27,-19.14743,-169.84387,0,0
1270,2016-09-27,-19.11178,-169.81044,0,0
1271,2016-09-27,-19.13202,-169.92126,0,0
1272,2016-09-28,-19.07676,-169.78067,1,0.003095975
1273,2016-09-28,-19.03322,-169.78719,0,0
1274,2016-09-28,-18.98964,-169.7998,0,0
1275,2016-09-29,60.991,-147.587,9,0.027863777
1276,2016-09-29,-18.95335,-169.83644,1,0.003095975
1277,2016-09-29,-18.96216,-169.88451,0,0
1278,2016-09-29,-18.9979,-169.91362,0,0
1279,2016-09-30,60.967,-147.392,0,0
1280,2016-09-30,1.190333,-98.19576,0,0
1281,2016-09-30,38.83938084,-123.7675996,1,0.003095975
1282,2016-09-30,-19.02237,-169.92288,2,0.00619195
1283,2016-09-30,-19.02794,-169.92088,1,0.003095975
1284,2016-10-01,60.774,-147.029,12,0.037151703
1285,2016-10-01,-19.96635,-167.76169,1,0.003095975
1286,2016-10-01,-20.00662,-167.7365,0,0
1287,2016-10-02,-19.96822,-167.74692,0,0
1288,2016-10-02,-20.00559,-167.76918,0,0
1289,2016-10-03,60.678,-145.941,5,0.015479876
1290,2016-10-03,-19.9733,-167.77487,1,0.003095975
1291,2016-10-03,-20.01466,-167.76904,0,0
1292,2016-10-04,-20.02414,-167.74533,4,0.012383901
1293,2016-10-04,-20.00397,-167.76002,0,0
1294,2016-10-05,-4.09933,-112.2995,0,0
1295,2016-10-05,34.408,133.203,10,0.030959752
1296,2016-10-09,-19.04429,-169.92613,0,0
1297,2016-10-10,50.32258,-5.20192,5,0.015479876
1298,2016-10-10,50.32471,-5.19983,0,0
1299,2016-10-10,50.3288,-5.19319,1,0.003095975
1300,2016-10-10,50.33765,-5.18345,0,0
1301,2016-10-10,-9.7124666,-123.0355666,1,0.003095975
1302,2016-10-11,50.32274,-5.20577,0,0
1303,2016-10-11,50.32275,-5.21185,0,0
1304,2016-10-11,50.32255,-5.2224,3,0.009287926
1305,2016-10-11,50.3201,-5.23333,3,0.009287926
1306,2016-10-12,-54.42706667,-69.86105,5,0.015479876
1307,2016-10-13,39.8933,-76.5354,3,0.009287926
1308,2016-10-13,-10.4311,-133.32085,0,0
1309,2016-10-13,34.409,133.512,0,0
1310,2016-10-14,30.50125,-86.43546,0,0
1311,2016-10-14,30.50675,-86.43721,0,0
1312,2016-10-14,50.29642,-5.24134,1,0.003095975
1313,2016-10-15,-54.12329167,-71.00786667,3,0.009287926
1314,2016-10-17,78.36928,15.73049,0,0
1315,2016-10-18,37.86039739,-122.4725689,0,0
1316,2016-10-19,-12.961,-143.765,0,0
1317,2016-10-22,-16.7579,-147.562,0,0
1318,2016-11-01,34.644,134.493,0,0
1319,2016-11-03,-8.219564608,117.4853165,2,0.00619195
1320,2016-11-06,-8.652476454,119.7133189,3,0.009287926
1321,2016-11-06,-8.652212634,119.7130182,4,0.012383901
1322,2016-11-08,-8.346045516,116.0911059,1,0.003095975
1323,2016-11-08,-8.122221837,117.7527691,3,0.009287926
1324,2016-11-08,-8.121961443,117.7523762,7,0.021671827
1325,2016-11-13,37.63073,-76.33842,2,0.00619195
1326,2016-11-13,37.6707,-76.30738,0,0
1327,2016-11-13,37.68993,-76.34219,0,0
1328,2016-11-21,-62.199383,-58.958173,1,0.003095975
1329,2016-11-22,-54.80639167,-64.36921667,10,0.030959752
1330,2016-11-24,-54.73755,-63.86291667,18,0.055727554
1331,2016-11-24,-64.814735,-63.50947,13,0.040247678
1332,2016-11-25,-64.729642,-62.601565,5,0.015479876
1333,2016-11-26,-62.595343,-59.902458,1,0.003095975
1334,2016-12-26,25.7853,-81.4186,3,0.009287926
1335,2016-12-27,25.7535,-81.3766,5,0.015479876
1336,2016-12-28,25.7755,-81.3747,1,0.003095975
1337,2016-12-28,25.8384,-81.3923,1,0.003095975
1338,2016-12-31,27.06034,142.19492,0,0
1339,2017-01-02,27.09369,142.19324,0,0
1340,2017-01-07,27.10986,142.20438,0,0
1341,2017-01-07,-5.6916,53.67458,0,0
1342,2017-01-08,-7.0409,52.75855,0,0
1343,2017-01-09,-9.53973,50.9678,0,0
1344,2017-01-10,-12.26853,49.28116,0,0
1345,2017-01-11,-15.49762,49.756,0,0
1346,2017-01-12,-15.70887,49.95257,0,0
1347,2017-01-13,-16.9971,49.84033,0,0
1348,2017-01-15,-21.05307,55.22383,2,0.00619195
1349,2017-01-17,-37.06098,-12.30006,1,0.003095975
1350,2017-01-17,-37.07031,-12.24409,1,0.003095975
1351,2017-01-18,-37.09443,-12.34537,0,0
1352,2017-01-18,-37.07833,-12.33173,1,0.003095975
1353,2017-01-19,-37.41524,-12.47443,1,0.003095975
1354,2017-01-20,-40.35841,-9.88118,4,0.012383901
1355,2017-01-20,-40.34383,-9.87643,1,0.003095975
1356,2017-01-21,-40.32334,-9.89622,1,0.003095975
1357,2017-01-27,-37.29302,-12.64431,1,0.003095975
1358,2017-01-27,-37.30469,-12.64304,1,0.003095975
1359,2017-01-27,-37.31267,-12.66201,0,0
1360,2017-01-28,-37.28726,-12.69707,3,0.009287926
1361,2017-01-28,-37.28541,-12.6657,1,0.003095975
1362,2017-01-29,-37.41821,-12.48476,1,0.003095975
1363,2017-01-29,-37.42353,-12.47042,0,0
1364,2017-01-30,-37.43067,-12.48154,0,0
1365,2017-02-01,-53.86423,-72.18653,4,0.012383901
1366,2017-02-03,-58.4282667,-64.1639667,20,0.061919505
1367,2017-02-04,-55.96066,-67.22369,4,0.012383901
1368,2017-02-04,-55.96479,-67.21429,3,0.009287926
1369,2017-02-05,-56.5195,-68.70136,3,0.009287926
1370,2017-02-06,-56.51716,-68.71955,0,0
1371,2017-02-07,-55.82639,-67.27045,0,0
1372,2017-02-08,-64.54003333,-61.99863333,11,0.034055728
1373,2017-02-08,-55.81012,-67.51534,0,0
1374,2017-02-08,-55.83443,-67.5218,3,0.009287926
1375,2017-02-09,-55.7586,-67.48488,3,0.009287926
1376,2017-02-09,-55.7504,-67.47913,3,0.009287926
1377,2017-02-10,-55.75012,-67.50832,0,0
1378,2017-02-10,-55.59039,-67.52548,0,0
1379,2017-02-11,-55.6251,-67.48141,0,0
1380,2017-02-11,-55.62416,-67.48398,1,0.003095975
1381,2017-02-11,-55.52999,-67.60627,3,0.009287926
1382,2017-03-23,-54.81363059,-68.30629231,11,0.034055728
1383,2017-03-23,-54.8861,-67.2688,5,0.015479876
1384,2017-03-24,-54.91737542,-65.98619719,9,0.027863777
1385,2017-03-26,-54.78006,-64.40836,20,0.061919505
1386,2017-03-27,-54.77989499,-64.05566602,5,0.015479876
1387,2017-03-27,-54.77671238,-64.04878624,3,0.009287926
1388,2017-03-29,-52.97234574,-60.03706179,2,0.00619195
1389,2017-03-30,-51.93445,-58.01267,0,0
